{
  "project_info": {
    "project_number": "23068638986",
    "project_id": "tictactoe-251ba",
    "storage_bucket": "tictactoe-251ba.appspot.com"
  },
  "client": [
    {
      "client_info": {
        "mobilesdk_app_id": "1:23068638986:android:91eb22f0c80eb01e8d44f3",
        "android_client_info": {
          "package_name": "com.example.tictactoe"
        }
      },
      "oauth_client": [
        {
          "client_id": "23068638986-5gmmscj6eo3f9cr8bafaer10hcbkbn4t.apps.googleusercontent.com",
          "client_type": 1,
          "android_info": {
            "package_name": "com.example.tictactoe",
            "certificate_hash": "b7c30147b30db4810ce35eaffff9a2ec4e9627ad"
          }
        },
        {
          "client_id": "23068638986-61gfqmdcpfdnhop3q3dbqj2133hdgc2s.apps.googleusercontent.com",
          "client_type": 3
        }
      ],
      "api_key": [
        {
          "current_key": "AIzaSyBsa2xMH-cZGfv6X2lQFANQ356SPqbTCWw"
        }
      ],
      "services": {
        "appinvite_service": {
          "other_platform_oauth_client": [
            {
              "client_id": "23068638986-61gfqmdcpfdnhop3q3dbqj2133hdgc2s.apps.googleusercontent.com",
              "client_type": 3
            }
          ]
        }
      }
    }
  ],
  "configuration_version": "1"
}